accession,source,role
GSM8989185,GEO individually fetched GSM full-text record,long_covid:P36 longitudinal whole-blood sample; nested in GSE226260 and person token; not independent cohort
GSM8989186,GEO individually fetched GSM full-text record,long_covid:P36 longitudinal whole-blood sample; nested in GSE226260 and person token; not independent cohort
GSM8989187,GEO individually fetched GSM full-text record,long_covid:P36 longitudinal whole-blood sample; nested in GSE226260 and person token; not independent cohort
GSM8989188,GEO individually fetched GSM full-text record,long_covid:P36 longitudinal whole-blood sample; nested in GSE226260 and person token; not independent cohort
GSM8989189,GEO individually fetched GSM full-text record,long_covid:P36 longitudinal whole-blood sample; nested in GSE226260 and person token; not independent cohort
GSM8989190,GEO individually fetched GSM full-text record,long_covid:P36 longitudinal whole-blood sample; nested in GSE226260 and person token; not independent cohort
GSM8989191,GEO individually fetched GSM full-text record,long_covid:P36 longitudinal whole-blood sample; nested in GSE226260 and person token; not independent cohort
GSM8989192,GEO individually fetched GSM full-text record,long_covid:P36 longitudinal whole-blood sample; nested in GSE226260 and person token; not independent cohort
GSM8989193,GEO individually fetched GSM full-text record,long_covid:P36 longitudinal whole-blood sample; nested in GSE226260 and person token; not independent cohort
GSM8989194,GEO individually fetched GSM full-text record,long_covid:P36 longitudinal whole-blood sample; nested in GSE226260 and person token; not independent cohort
GSM8989195,GEO individually fetched GSM full-text record,long_covid:P36 longitudinal whole-blood sample; nested in GSE226260 and person token; not independent cohort
GSM8989196,GEO individually fetched GSM full-text record,long_covid:P36 longitudinal whole-blood sample; nested in GSE226260 and person token; not independent cohort
GSM8989197,GEO individually fetched GSM full-text record,long_covid:P36 longitudinal whole-blood sample; nested in GSE226260 and person token; not independent cohort
GSM8989198,GEO individually fetched GSM full-text record,long_covid:P36 longitudinal whole-blood sample; nested in GSE226260 and person token; not independent cohort
GSM8989199,GEO individually fetched GSM full-text record,long_covid:P36 longitudinal whole-blood sample; nested in GSE226260 and person token; not independent cohort
GSM8989200,GEO individually fetched GSM full-text record,long_covid:P36 longitudinal whole-blood sample; nested in GSE226260 and person token; not independent cohort
GSM8989201,GEO individually fetched GSM full-text record,long_covid:P36 longitudinal whole-blood sample; nested in GSE226260 and person token; not independent cohort
GSM8989202,GEO individually fetched GSM full-text record,long_covid:P36 longitudinal whole-blood sample; nested in GSE226260 and person token; not independent cohort
GSM8989203,GEO individually fetched GSM full-text record,long_covid:P36 longitudinal whole-blood sample; nested in GSE226260 and person token; not independent cohort
GSM8989204,GEO individually fetched GSM full-text record,long_covid:P36 longitudinal whole-blood sample; nested in GSE226260 and person token; not independent cohort
GSM8989205,GEO individually fetched GSM full-text record,long_covid:P36 longitudinal whole-blood sample; nested in GSE226260 and person token; not independent cohort
GSM8989206,GEO individually fetched GSM full-text record,long_covid:P36 longitudinal whole-blood sample; nested in GSE226260 and person token; not independent cohort
GSM8989207,GEO individually fetched GSM full-text record,long_covid:P36 longitudinal whole-blood sample; nested in GSE226260 and person token; not independent cohort
GSM8989208,GEO individually fetched GSM full-text record,long_covid:P36 longitudinal whole-blood sample; nested in GSE226260 and person token; not independent cohort
GSM8989209,GEO individually fetched GSM full-text record,long_covid:P36 longitudinal whole-blood sample; nested in GSE226260 and person token; not independent cohort
GSM8989210,GEO individually fetched GSM full-text record,long_covid:P36 longitudinal whole-blood sample; nested in GSE226260 and person token; not independent cohort
GSM8989211,GEO individually fetched GSM full-text record,long_covid:P36 longitudinal whole-blood sample; nested in GSE226260 and person token; not independent cohort
GSM8989212,GEO individually fetched GSM full-text record,long_covid:P36 longitudinal whole-blood sample; nested in GSE226260 and person token; not independent cohort
GSM8989213,GEO individually fetched GSM full-text record,long_covid:P36 longitudinal whole-blood sample; nested in GSE226260 and person token; not independent cohort
GSM8989214,GEO individually fetched GSM full-text record,long_covid:P36 longitudinal whole-blood sample; nested in GSE226260 and person token; not independent cohort
GSM8989215,GEO individually fetched GSM full-text record,long_covid:P36 longitudinal whole-blood sample; nested in GSE226260 and person token; not independent cohort
GSM8989216,GEO individually fetched GSM full-text record,long_covid:P36 longitudinal whole-blood sample; nested in GSE226260 and person token; not independent cohort
GSM8989217,GEO individually fetched GSM full-text record,long_covid:P36 longitudinal whole-blood sample; nested in GSE226260 and person token; not independent cohort
GSM8989218,GEO individually fetched GSM full-text record,long_covid:P36 longitudinal whole-blood sample; nested in GSE226260 and person token; not independent cohort
GSM8989219,GEO individually fetched GSM full-text record,long_covid:P36 longitudinal whole-blood sample; nested in GSE226260 and person token; not independent cohort
GSM8989220,GEO individually fetched GSM full-text record,long_covid:P36 longitudinal whole-blood sample; nested in GSE226260 and person token; not independent cohort
GSM8989221,GEO individually fetched GSM full-text record,long_covid:P36 longitudinal whole-blood sample; nested in GSE226260 and person token; not independent cohort
GSM8989222,GEO individually fetched GSM full-text record,long_covid:P36 longitudinal whole-blood sample; nested in GSE226260 and person token; not independent cohort
GSM8989223,GEO individually fetched GSM full-text record,long_covid:P36 longitudinal whole-blood sample; nested in GSE226260 and person token; not independent cohort
GSM8989224,GEO individually fetched GSM full-text record,long_covid:P36 longitudinal whole-blood sample; nested in GSE226260 and person token; not independent cohort
GSM8989225,GEO individually fetched GSM full-text record,long_covid:P36 longitudinal whole-blood sample; nested in GSE226260 and person token; not independent cohort
GSM8989226,GEO individually fetched GSM full-text record,long_covid:P36 longitudinal whole-blood sample; nested in GSE226260 and person token; not independent cohort
GSM8989227,GEO individually fetched GSM full-text record,long_covid:P36 longitudinal whole-blood sample; nested in GSE226260 and person token; not independent cohort
GSM8989228,GEO individually fetched GSM full-text record,long_covid:P36 longitudinal whole-blood sample; nested in GSE226260 and person token; not independent cohort
GSM8989229,GEO individually fetched GSM full-text record,long_covid:P36 longitudinal whole-blood sample; nested in GSE226260 and person token; not independent cohort
GSM8989230,GEO individually fetched GSM full-text record,long_covid:P36 longitudinal whole-blood sample; nested in GSE226260 and person token; not independent cohort
GSM8989231,GEO individually fetched GSM full-text record,long_covid:P36 longitudinal whole-blood sample; nested in GSE226260 and person token; not independent cohort
GSM8989232,GEO individually fetched GSM full-text record,long_covid:P36 longitudinal whole-blood sample; nested in GSE226260 and person token; not independent cohort
GSM8989233,GEO individually fetched GSM full-text record,long_covid:P36 longitudinal whole-blood sample; nested in GSE226260 and person token; not independent cohort
GSM8989234,GEO individually fetched GSM full-text record,long_covid:P36 longitudinal whole-blood sample; nested in GSE226260 and person token; not independent cohort
GSM8989235,GEO individually fetched GSM full-text record,long_covid:P36 longitudinal whole-blood sample; nested in GSE226260 and person token; not independent cohort
GSM8989236,GEO individually fetched GSM full-text record,long_covid:P36 longitudinal whole-blood sample; nested in GSE226260 and person token; not independent cohort
GSM8989237,GEO individually fetched GSM full-text record,long_covid:P36 longitudinal whole-blood sample; nested in GSE226260 and person token; not independent cohort
GSM8989238,GEO individually fetched GSM full-text record,long_covid:P36 longitudinal whole-blood sample; nested in GSE226260 and person token; not independent cohort
GSM8989239,GEO individually fetched GSM full-text record,long_covid:P36 longitudinal whole-blood sample; nested in GSE226260 and person token; not independent cohort
GSM8989240,GEO individually fetched GSM full-text record,long_covid:P36 longitudinal whole-blood sample; nested in GSE226260 and person token; not independent cohort
GSM8989241,GEO individually fetched GSM full-text record,long_covid:P36 longitudinal whole-blood sample; nested in GSE226260 and person token; not independent cohort
GSM8989242,GEO individually fetched GSM full-text record,long_covid:P36 longitudinal whole-blood sample; nested in GSE226260 and person token; not independent cohort
GSM8989243,GEO individually fetched GSM full-text record,long_covid:P36 longitudinal whole-blood sample; nested in GSE226260 and person token; not independent cohort
GSM8989244,GEO individually fetched GSM full-text record,long_covid:P36 longitudinal whole-blood sample; nested in GSE226260 and person token; not independent cohort
GSM8989245,GEO individually fetched GSM full-text record,long_covid:P36 longitudinal whole-blood sample; nested in GSE226260 and person token; not independent cohort
GSM8989246,GEO individually fetched GSM full-text record,long_covid:P36 longitudinal whole-blood sample; nested in GSE226260 and person token; not independent cohort
GSM8989247,GEO individually fetched GSM full-text record,long_covid:P36 longitudinal whole-blood sample; nested in GSE226260 and person token; not independent cohort
GSM8989248,GEO individually fetched GSM full-text record,long_covid:P36 longitudinal whole-blood sample; nested in GSE226260 and person token; not independent cohort
GSM8989249,GEO individually fetched GSM full-text record,long_covid:P36 longitudinal whole-blood sample; nested in GSE226260 and person token; not independent cohort
GSM8989250,GEO individually fetched GSM full-text record,long_covid:P36 longitudinal whole-blood sample; nested in GSE226260 and person token; not independent cohort
GSM8989251,GEO individually fetched GSM full-text record,long_covid:P36 longitudinal whole-blood sample; nested in GSE226260 and person token; not independent cohort
GSM8989252,GEO individually fetched GSM full-text record,long_covid:P36 longitudinal whole-blood sample; nested in GSE226260 and person token; not independent cohort
GSM8989253,GEO individually fetched GSM full-text record,long_covid:P36 longitudinal whole-blood sample; nested in GSE226260 and person token; not independent cohort
GSM8989254,GEO individually fetched GSM full-text record,long_covid:P36 longitudinal whole-blood sample; nested in GSE226260 and person token; not independent cohort
GSM8989255,GEO individually fetched GSM full-text record,long_covid:P36 longitudinal whole-blood sample; nested in GSE226260 and person token; not independent cohort
GSM8989256,GEO individually fetched GSM full-text record,long_covid:P36 longitudinal whole-blood sample; nested in GSE226260 and person token; not independent cohort
GSM8989257,GEO individually fetched GSM full-text record,long_covid:P36 longitudinal whole-blood sample; nested in GSE226260 and person token; not independent cohort
GSM8989258,GEO individually fetched GSM full-text record,long_covid:P36 longitudinal whole-blood sample; nested in GSE226260 and person token; not independent cohort
GSM8989259,GEO individually fetched GSM full-text record,long_covid:P36 longitudinal whole-blood sample; nested in GSE226260 and person token; not independent cohort
GSM8989260,GEO individually fetched GSM full-text record,long_covid:P36 longitudinal whole-blood sample; nested in GSE226260 and person token; not independent cohort
GSM8989261,GEO individually fetched GSM full-text record,long_covid:P36 longitudinal whole-blood sample; nested in GSE226260 and person token; not independent cohort
GSM8989262,GEO individually fetched GSM full-text record,long_covid:P36 longitudinal whole-blood sample; nested in GSE226260 and person token; not independent cohort
GSM8989263,GEO individually fetched GSM full-text record,long_covid:P36 longitudinal whole-blood sample; nested in GSE226260 and person token; not independent cohort
GSM8989264,GEO individually fetched GSM full-text record,long_covid:P36 longitudinal whole-blood sample; nested in GSE226260 and person token; not independent cohort
GSM8989265,GEO individually fetched GSM full-text record,long_covid:P36 longitudinal whole-blood sample; nested in GSE226260 and person token; not independent cohort
GSM8989266,GEO individually fetched GSM full-text record,long_covid:P36 longitudinal whole-blood sample; nested in GSE226260 and person token; not independent cohort
GSM8989267,GEO individually fetched GSM full-text record,long_covid:P36 longitudinal whole-blood sample; nested in GSE226260 and person token; not independent cohort
GSM8989268,GEO individually fetched GSM full-text record,long_covid:P36 longitudinal whole-blood sample; nested in GSE226260 and person token; not independent cohort
GSM8989269,GEO individually fetched GSM full-text record,long_covid:P36 longitudinal whole-blood sample; nested in GSE226260 and person token; not independent cohort
GSM8989270,GEO individually fetched GSM full-text record,long_covid:P36 longitudinal whole-blood sample; nested in GSE226260 and person token; not independent cohort
GSM8989271,GEO individually fetched GSM full-text record,long_covid:P36 longitudinal whole-blood sample; nested in GSE226260 and person token; not independent cohort
GSM8989272,GEO individually fetched GSM full-text record,long_covid:P36 longitudinal whole-blood sample; nested in GSE226260 and person token; not independent cohort
GSM8989273,GEO individually fetched GSM full-text record,long_covid:P36 longitudinal whole-blood sample; nested in GSE226260 and person token; not independent cohort
GSM8989274,GEO individually fetched GSM full-text record,long_covid:P36 longitudinal whole-blood sample; nested in GSE226260 and person token; not independent cohort
GSM8989275,GEO individually fetched GSM full-text record,long_covid:P36 longitudinal whole-blood sample; nested in GSE226260 and person token; not independent cohort
GSM8989276,GEO individually fetched GSM full-text record,long_covid:P36 longitudinal whole-blood sample; nested in GSE226260 and person token; not independent cohort
GSM8989277,GEO individually fetched GSM full-text record,long_covid:P36 longitudinal whole-blood sample; nested in GSE226260 and person token; not independent cohort
GSM8989278,GEO individually fetched GSM full-text record,long_covid:P36 longitudinal whole-blood sample; nested in GSE226260 and person token; not independent cohort
GSM8989279,GEO individually fetched GSM full-text record,long_covid:P36 longitudinal whole-blood sample; nested in GSE226260 and person token; not independent cohort
GSM8989280,GEO individually fetched GSM full-text record,long_covid:P36 longitudinal whole-blood sample; nested in GSE226260 and person token; not independent cohort
GSM8989281,GEO individually fetched GSM full-text record,long_covid:P36 longitudinal whole-blood sample; nested in GSE226260 and person token; not independent cohort
GSM8989282,GEO individually fetched GSM full-text record,long_covid:P36 longitudinal whole-blood sample; nested in GSE226260 and person token; not independent cohort
GSM8989283,GEO individually fetched GSM full-text record,long_covid:P36 longitudinal whole-blood sample; nested in GSE226260 and person token; not independent cohort
GSM8989284,GEO individually fetched GSM full-text record,long_covid:P36 longitudinal whole-blood sample; nested in GSE226260 and person token; not independent cohort
GSM8989285,GEO individually fetched GSM full-text record,long_covid:P36 longitudinal whole-blood sample; nested in GSE226260 and person token; not independent cohort
GSM8989286,GEO individually fetched GSM full-text record,long_covid:P36 longitudinal whole-blood sample; nested in GSE226260 and person token; not independent cohort
GSM8989287,GEO individually fetched GSM full-text record,long_covid:P36 longitudinal whole-blood sample; nested in GSE226260 and person token; not independent cohort
GSM8475033,GEO individually fetched GSM full-text record,long_covid:P37 targeted PBMC panel; nested in GSE275334; not independent cohort
GSM8475034,GEO individually fetched GSM full-text record,long_covid:P37 targeted PBMC panel; nested in GSE275334; not independent cohort
GSM8475035,GEO individually fetched GSM full-text record,long_covid:P37 targeted PBMC panel; nested in GSE275334; not independent cohort
GSM8475036,GEO individually fetched GSM full-text record,long_covid:P37 targeted PBMC panel; nested in GSE275334; not independent cohort
GSM8475037,GEO individually fetched GSM full-text record,long_covid:P37 targeted PBMC panel; nested in GSE275334; not independent cohort
GSM8475038,GEO individually fetched GSM full-text record,long_covid:P37 targeted PBMC panel; nested in GSE275334; not independent cohort
GSM8475039,GEO individually fetched GSM full-text record,long_covid:P37 targeted PBMC panel; nested in GSE275334; not independent cohort
GSM8475040,GEO individually fetched GSM full-text record,long_covid:P37 targeted PBMC panel; nested in GSE275334; not independent cohort
GSM8475041,GEO individually fetched GSM full-text record,long_covid:P37 targeted PBMC panel; nested in GSE275334; not independent cohort
GSM8475042,GEO individually fetched GSM full-text record,long_covid:P37 targeted PBMC panel; nested in GSE275334; not independent cohort
GSM8475043,GEO individually fetched GSM full-text record,long_covid:P37 targeted PBMC panel; nested in GSE275334; not independent cohort
GSM8475044,GEO individually fetched GSM full-text record,long_covid:P37 targeted PBMC panel; nested in GSE275334; not independent cohort
GSM8475045,GEO individually fetched GSM full-text record,long_covid:P37 targeted PBMC panel; nested in GSE275334; not independent cohort
GSM8475046,GEO individually fetched GSM full-text record,long_covid:P37 targeted PBMC panel; nested in GSE275334; not independent cohort
GSM8475047,GEO individually fetched GSM full-text record,long_covid:P37 targeted PBMC panel; nested in GSE275334; not independent cohort
GSM8475048,GEO individually fetched GSM full-text record,long_covid:P37 targeted PBMC panel; nested in GSE275334; not independent cohort
GSM8475049,GEO individually fetched GSM full-text record,long_covid:P37 targeted PBMC panel; nested in GSE275334; not independent cohort
GSM8475050,GEO individually fetched GSM full-text record,long_covid:P37 targeted PBMC panel; nested in GSE275334; not independent cohort
GSM8475051,GEO individually fetched GSM full-text record,long_covid:P37 targeted PBMC panel; nested in GSE275334; not independent cohort
GSM8475052,GEO individually fetched GSM full-text record,long_covid:P37 targeted PBMC panel; nested in GSE275334; not independent cohort
GSM8475053,GEO individually fetched GSM full-text record,long_covid:P37 targeted PBMC panel; nested in GSE275334; not independent cohort
GSM8475054,GEO individually fetched GSM full-text record,long_covid:P37 targeted PBMC panel; nested in GSE275334; not independent cohort
GSM8475055,GEO individually fetched GSM full-text record,long_covid:P37 targeted PBMC panel; nested in GSE275334; not independent cohort
GSM8475056,GEO individually fetched GSM full-text record,long_covid:P37 targeted PBMC panel; nested in GSE275334; not independent cohort
GSM8475057,GEO individually fetched GSM full-text record,long_covid:P37 targeted PBMC panel; nested in GSE275334; not independent cohort
GSM8475058,GEO individually fetched GSM full-text record,long_covid:P37 targeted PBMC panel; nested in GSE275334; not independent cohort
GSM8475059,GEO individually fetched GSM full-text record,long_covid:P37 targeted PBMC panel; nested in GSE275334; not independent cohort
GSM8475060,GEO individually fetched GSM full-text record,long_covid:P37 targeted PBMC panel; nested in GSE275334; not independent cohort
GSM8475061,GEO individually fetched GSM full-text record,long_covid:P37 targeted PBMC panel; nested in GSE275334; not independent cohort
GSM8475062,GEO individually fetched GSM full-text record,long_covid:P37 targeted PBMC panel; nested in GSE275334; not independent cohort
GSM8475063,GEO individually fetched GSM full-text record,long_covid:P37 targeted PBMC panel; nested in GSE275334; not independent cohort
GSM8475064,GEO individually fetched GSM full-text record,long_covid:P37 targeted PBMC panel; nested in GSE275334; not independent cohort
GSM8475065,GEO individually fetched GSM full-text record,long_covid:P37 targeted PBMC panel; nested in GSE275334; not independent cohort
GSM8475066,GEO individually fetched GSM full-text record,long_covid:P37 targeted PBMC panel; nested in GSE275334; not independent cohort
GSM8475067,GEO individually fetched GSM full-text record,long_covid:P37 targeted PBMC panel; nested in GSE275334; not independent cohort
GSM8475068,GEO individually fetched GSM full-text record,long_covid:P37 targeted PBMC panel; nested in GSE275334; not independent cohort
GSM8475069,GEO individually fetched GSM full-text record,long_covid:P37 targeted PBMC panel; nested in GSE275334; not independent cohort
GSM8475070,GEO individually fetched GSM full-text record,long_covid:P37 targeted PBMC panel; nested in GSE275334; not independent cohort
GSM8475071,GEO individually fetched GSM full-text record,long_covid:P37 targeted PBMC panel; nested in GSE275334; not independent cohort
GSM8475072,GEO individually fetched GSM full-text record,long_covid:P37 targeted PBMC panel; nested in GSE275334; not independent cohort
GSM8475073,GEO individually fetched GSM full-text record,long_covid:P37 targeted PBMC panel; nested in GSE275334; not independent cohort
GSM8475074,GEO individually fetched GSM full-text record,long_covid:P37 targeted PBMC panel; nested in GSE275334; not independent cohort
GSM8475075,GEO individually fetched GSM full-text record,long_covid:P37 targeted PBMC panel; nested in GSE275334; not independent cohort
GSM8475076,GEO individually fetched GSM full-text record,long_covid:P37 targeted PBMC panel; nested in GSE275334; not independent cohort
GSM8475077,GEO individually fetched GSM full-text record,long_covid:P37 targeted PBMC panel; nested in GSE275334; not independent cohort
GSM8475078,GEO individually fetched GSM full-text record,long_covid:P37 targeted PBMC panel; nested in GSE275334; not independent cohort
GSM8475079,GEO individually fetched GSM full-text record,long_covid:P37 targeted PBMC panel; nested in GSE275334; not independent cohort
GSM9798604,GEO individually fetched GSM full-text record,long_covid:P38 one of sorted CD4 fractions; nested in GSE334857 and ten people; not independent cohort
GSM9798605,GEO individually fetched GSM full-text record,long_covid:P38 one of sorted CD4 fractions; nested in GSE334857 and ten people; not independent cohort
GSM9798606,GEO individually fetched GSM full-text record,long_covid:P38 one of sorted CD4 fractions; nested in GSE334857 and ten people; not independent cohort
GSM9798607,GEO individually fetched GSM full-text record,long_covid:P38 one of sorted CD4 fractions; nested in GSE334857 and ten people; not independent cohort
GSM9798608,GEO individually fetched GSM full-text record,long_covid:P38 one of sorted CD4 fractions; nested in GSE334857 and ten people; not independent cohort
GSM9798609,GEO individually fetched GSM full-text record,long_covid:P38 one of sorted CD4 fractions; nested in GSE334857 and ten people; not independent cohort
GSM9798610,GEO individually fetched GSM full-text record,long_covid:P38 one of sorted CD4 fractions; nested in GSE334857 and ten people; not independent cohort
GSM9798611,GEO individually fetched GSM full-text record,long_covid:P38 one of sorted CD4 fractions; nested in GSE334857 and ten people; not independent cohort
GSM9798612,GEO individually fetched GSM full-text record,long_covid:P38 one of sorted CD4 fractions; nested in GSE334857 and ten people; not independent cohort
GSM9798613,GEO individually fetched GSM full-text record,long_covid:P38 one of sorted CD4 fractions; nested in GSE334857 and ten people; not independent cohort
GSM9798614,GEO individually fetched GSM full-text record,long_covid:P38 one of sorted CD4 fractions; nested in GSE334857 and ten people; not independent cohort
GSM9798615,GEO individually fetched GSM full-text record,long_covid:P38 one of sorted CD4 fractions; nested in GSE334857 and ten people; not independent cohort
GSM9798616,GEO individually fetched GSM full-text record,long_covid:P38 one of sorted CD4 fractions; nested in GSE334857 and ten people; not independent cohort
GSM9798617,GEO individually fetched GSM full-text record,long_covid:P38 one of sorted CD4 fractions; nested in GSE334857 and ten people; not independent cohort
GSM9798618,GEO individually fetched GSM full-text record,long_covid:P38 one of sorted CD4 fractions; nested in GSE334857 and ten people; not independent cohort
GSM9798619,GEO individually fetched GSM full-text record,long_covid:P38 one of sorted CD4 fractions; nested in GSE334857 and ten people; not independent cohort
GSM9798620,GEO individually fetched GSM full-text record,long_covid:P38 one of sorted CD4 fractions; nested in GSE334857 and ten people; not independent cohort
GSM9798621,GEO individually fetched GSM full-text record,long_covid:P38 one of sorted CD4 fractions; nested in GSE334857 and ten people; not independent cohort
GSM9798622,GEO individually fetched GSM full-text record,long_covid:P38 one of sorted CD4 fractions; nested in GSE334857 and ten people; not independent cohort
GSM9798623,GEO individually fetched GSM full-text record,long_covid:P38 one of sorted CD4 fractions; nested in GSE334857 and ten people; not independent cohort
GSM9798624,GEO individually fetched GSM full-text record,long_covid:P38 one of sorted CD4 fractions; nested in GSE334857 and ten people; not independent cohort
GSM9798625,GEO individually fetched GSM full-text record,long_covid:P38 one of sorted CD4 fractions; nested in GSE334857 and ten people; not independent cohort
GSM9798626,GEO individually fetched GSM full-text record,long_covid:P38 one of sorted CD4 fractions; nested in GSE334857 and ten people; not independent cohort
GSM9798627,GEO individually fetched GSM full-text record,long_covid:P38 one of sorted CD4 fractions; nested in GSE334857 and ten people; not independent cohort
GSM9798628,GEO individually fetched GSM full-text record,long_covid:P38 one of sorted CD4 fractions; nested in GSE334857 and ten people; not independent cohort
GSE226260,GEO separately fetched full series accession,long_covid:parent series for P36 expression-used GSM cohort; not an extra independent sample
GSE275334,GEO separately fetched full series accession,long_covid:parent series for P37 expression-used GSM cohort; not an extra independent sample
GSE334857,GEO separately fetched full series accession,long_covid:parent series for P38 expression-used GSM cohort; not an extra independent sample
