gsm,person,fraction,status,tar_member,title,sha256,url
GSM9798604,LC11900,Memory,Recovered,GSM9798604_LC11900-Memory_filtered_feature_bc_matrix.h5,"Sorted T CD4 memory cells, LC11900, Recovered control",525d5a9c0e874caebfe67112b73a4d073101a42cd5dde11df507edd01f2f90e6,https://www.ncbi.nlm.nih.gov/geo/query/acc.cgi?acc=GSM9798604&targ=self&form=text&view=full
GSM9798605,LC11373,Memory,Recovered,GSM9798605_LC11373-Memory_filtered_feature_bc_matrix.h5,"Sorted T CD4 memory cells, LC11373, Recovered control",63740820bddae20dd8a79ed72fef4238ef8fabca50318f5c4c7cf509b138189c,https://www.ncbi.nlm.nih.gov/geo/query/acc.cgi?acc=GSM9798605&targ=self&form=text&view=full
GSM9798606,LC11703,Memory,Recovered,GSM9798606_LC11703-Memory_filtered_feature_bc_matrix.h5,"Sorted T CD4 memory cells, LC11703, Recovered control",918675b22542e0a8c79baf0c254469a5937356e514313b9318614f0b42ebce6b,https://www.ncbi.nlm.nih.gov/geo/query/acc.cgi?acc=GSM9798606&targ=self&form=text&view=full
GSM9798607,LC11720,Memory,PASC,GSM9798607_LC11720-Memory_filtered_feature_bc_matrix.h5,"Sorted T CD4 memory cells, LC11720, Long COVID",61dead62d707133ca71b8529e3237a25410ae03319801ea7bfe6b2c40bf353ce,https://www.ncbi.nlm.nih.gov/geo/query/acc.cgi?acc=GSM9798607&targ=self&form=text&view=full
GSM9798608,LC11780,Memory,PASC,GSM9798608_LC11780-Memory_filtered_feature_bc_matrix.h5,"Sorted T CD4 memory cells, LC11780, Long COVID",5632310387ccde03ae0d976d9f9f50f10e8b2b3709482bd4070a2442f94b9b5c,https://www.ncbi.nlm.nih.gov/geo/query/acc.cgi?acc=GSM9798608&targ=self&form=text&view=full
GSM9798609,LC11837,Memory,Recovered,GSM9798609_LC11837-Memory_filtered_feature_bc_matrix.h5,"Sorted T CD4 memory cells, LC11837, Recovered control",e98aab5146d503f639419e5f83427cdb26d634ceddcea334908bb05c89ca434e,https://www.ncbi.nlm.nih.gov/geo/query/acc.cgi?acc=GSM9798609&targ=self&form=text&view=full
GSM9798610,LC11900,Naive,Recovered,GSM9798610_LC11900-Naive_filtered_feature_bc_matrix.h5,"Sorted T CD4 naive cells, LC11900, Recovered control",8e75f765558d0981e2091343f75593c6a6589b6f7efaac5b709f96de256b6079,https://www.ncbi.nlm.nih.gov/geo/query/acc.cgi?acc=GSM9798610&targ=self&form=text&view=full
GSM9798611,LC11373,Naive,Recovered,GSM9798611_LC11373-Naive_filtered_feature_bc_matrix.h5,"Sorted T CD4 naive cells, LC11373, Recovered control",19f1a68848bf1df32518dea41265775c620e75092419ae99bb70801c29e83241,https://www.ncbi.nlm.nih.gov/geo/query/acc.cgi?acc=GSM9798611&targ=self&form=text&view=full
GSM9798612,LC11703,Naive,Recovered,GSM9798612_LC11703-Naive_filtered_feature_bc_matrix.h5,"Sorted T CD4 naive cells, LC11703, Recovered control",c2d35af0e076fd123dcab25dc24cb586647765696eb18de7423995d466cb32fd,https://www.ncbi.nlm.nih.gov/geo/query/acc.cgi?acc=GSM9798612&targ=self&form=text&view=full
GSM9798613,LC11720,Naive,PASC,GSM9798613_LC11720-Naive_filtered_feature_bc_matrix.h5,"Sorted T CD4 naive cells, LC11720, Long COVID",622202d388c465276420c39361e3e4f1c346601a86baa28597aff425c768368b,https://www.ncbi.nlm.nih.gov/geo/query/acc.cgi?acc=GSM9798613&targ=self&form=text&view=full
GSM9798614,LC11780,Naive,PASC,GSM9798614_LC11780-Naive_filtered_feature_bc_matrix.h5,"Sorted T CD4 naive cells, LC11780, Long COVID",ebdf865738243672eee6e7cc98ef59e9bb8f2d5141d7ccc5f655efebfe090b5d,https://www.ncbi.nlm.nih.gov/geo/query/acc.cgi?acc=GSM9798614&targ=self&form=text&view=full
GSM9798615,LC11837,Naive,Recovered,GSM9798615_LC11837-Naive_filtered_feature_bc_matrix.h5,"Sorted T CD4 naive cells, LC11837, Recovered control",94aa919f66543bbe4feb32ed35605622a18333e6e5ccf4e536059b98d3f419f3,https://www.ncbi.nlm.nih.gov/geo/query/acc.cgi?acc=GSM9798615&targ=self&form=text&view=full
GSM9798616,LC11638,Naive,PASC,GSM9798616_LC11638-Naive_filtered_feature_bc_matrix.h5,"Sorted T CD4 naive cells, LC11638, Long COVID",a09cb531103910bdaabc3e25e78accaabc1a72dbf1423bc1cb13e2cf2e2e4fca,https://www.ncbi.nlm.nih.gov/geo/query/acc.cgi?acc=GSM9798616&targ=self&form=text&view=full
GSM9798617,LC11710,Naive,PASC,GSM9798617_LC11710-Naive_filtered_feature_bc_matrix.h5,"Sorted T CD4 naive cells, LC11710, Long COVID",28ee6c1601e0c7d5f383dc7a6b7f65a20c1305118391384b8759ef5dd080cab3,https://www.ncbi.nlm.nih.gov/geo/query/acc.cgi?acc=GSM9798617&targ=self&form=text&view=full
GSM9798618,LC11713,Naive,PASC,GSM9798618_LC11713-Naive_filtered_feature_bc_matrix.h5,"Sorted T CD4 naive cells, LC11713, Long COVID",cd5b7b3b1395183e3ef90852932e0d66acaa973742afed56ee8e4928370d6ee6,https://www.ncbi.nlm.nih.gov/geo/query/acc.cgi?acc=GSM9798618&targ=self&form=text&view=full
GSM9798619,LC11757,Naive,PASC,GSM9798619_LC11757-Naive_filtered_feature_bc_matrix.h5,"Sorted T CD4 naive cells, LC11757, Long COVID",12ad11b1c0dc34928dc8554180d3583d3a46cc250152a1cc42038ec74613b008,https://www.ncbi.nlm.nih.gov/geo/query/acc.cgi?acc=GSM9798619&targ=self&form=text&view=full
GSM9798620,LC11900,AIM,Recovered,GSM9798620_LC11900-AIM_filtered_feature_bc_matrix.h5,"Sorted T CD4 AIM+ cells, LC11900, Recovered control",609592c27664f1453e19265b114900a7720b103644abf0c8440a6fca05634cec,https://www.ncbi.nlm.nih.gov/geo/query/acc.cgi?acc=GSM9798620&targ=self&form=text&view=full
GSM9798621,LC11373,AIM,Recovered,GSM9798621_LC11373-AIM_filtered_feature_bc_matrix.h5,"Sorted T CD4 AIM+ cells, LC11373, Recovered control",1086639b9178ec9759f41f09580247c245e709ce6987494b81268ab4a5adaaf8,https://www.ncbi.nlm.nih.gov/geo/query/acc.cgi?acc=GSM9798621&targ=self&form=text&view=full
GSM9798622,LC11703,AIM,Recovered,GSM9798622_LC11703-AIM_filtered_feature_bc_matrix.h5,"Sorted T CD4 AIM+ cells, LC11703, Recovered control",03ca81f734697e3cf22e71dad224ef1a8d42e0f8b9457213e170ab7bc0d0f46b,https://www.ncbi.nlm.nih.gov/geo/query/acc.cgi?acc=GSM9798622&targ=self&form=text&view=full
GSM9798623,LC11720,AIM,PASC,GSM9798623_LC11720-AIM_filtered_feature_bc_matrix.h5,"Sorted T CD4 AIM+ cells, LC11720, Long COVID",8cec0d46246fa941d90a97828350d2e121fbea7bb6dfbb125eedac084ba859b2,https://www.ncbi.nlm.nih.gov/geo/query/acc.cgi?acc=GSM9798623&targ=self&form=text&view=full
GSM9798624,LC11780,AIM,PASC,GSM9798624_LC11780-AIM_filtered_feature_bc_matrix.h5,"Sorted T CD4 AIM+ cells, LC11780, Long COVID",1fa6bdb63124d09c6bcefd0453ee4237c6c072fb217606f69454673510130cc0,https://www.ncbi.nlm.nih.gov/geo/query/acc.cgi?acc=GSM9798624&targ=self&form=text&view=full
GSM9798625,LC11837,AIM,Recovered,GSM9798625_LC11837-AIM_filtered_feature_bc_matrix.h5,"Sorted T CD4 AIM+ cells, LC11837, Recovered control",822bf4405229e9935d919e29073548b2df382f929e05b31e1a885a01197fe067,https://www.ncbi.nlm.nih.gov/geo/query/acc.cgi?acc=GSM9798625&targ=self&form=text&view=full
GSM9798626,LC11638,AIM,PASC,GSM9798626_LC11638-AIM_filtered_feature_bc_matrix.h5,"Sorted T CD4 AIM+ cells, LC11638, Long COVID",d4f1414ad239170bcba742d843edba4334d373b4838b54137fe12ba3b32ce415,https://www.ncbi.nlm.nih.gov/geo/query/acc.cgi?acc=GSM9798626&targ=self&form=text&view=full
GSM9798627,LC11713,AIM,PASC,GSM9798627_LC11713-AIM_filtered_feature_bc_matrix.h5,"Sorted T CD4 AIM+ cells, LC11713, Long COVID",0fa685d90f1e1e6aefa96fcca2bdb9f8983bc08d30e57d91480bfb9d1700dee5,https://www.ncbi.nlm.nih.gov/geo/query/acc.cgi?acc=GSM9798627&targ=self&form=text&view=full
GSM9798628,LC11757,AIM,PASC,GSM9798628_LC11757-AIM_filtered_feature_bc_matrix.h5,"Sorted T CD4 AIM+ cells, LC11757, Long COVID",62c2a70d40c3cc99913390e210d8bfe74df90e2cd2b7880bd18c2d82b6467889,https://www.ncbi.nlm.nih.gov/geo/query/acc.cgi?acc=GSM9798628&targ=self&form=text&view=full
