gsm,sha256,url
GSM8989185,33b33bc1afc18c0759516d397da2d2cc01cc1ed6ca8a88383efacf0958749c57,https://www.ncbi.nlm.nih.gov/geo/query/acc.cgi?acc=GSM8989185&targ=self&form=text&view=full
GSM8989186,d126df4f91a92b39ae563797edfa4b1f2a5d78dd16feb788424b61bf02ffbe15,https://www.ncbi.nlm.nih.gov/geo/query/acc.cgi?acc=GSM8989186&targ=self&form=text&view=full
GSM8989187,e87902d2c4e6b05a48623f3312ac7e9e3cc4ca631ba4c243007aab71ec3c7bce,https://www.ncbi.nlm.nih.gov/geo/query/acc.cgi?acc=GSM8989187&targ=self&form=text&view=full
GSM8989188,57892d6cfae37187205b4a4aa544e252822fa152b506e8d3ecf736863e322baf,https://www.ncbi.nlm.nih.gov/geo/query/acc.cgi?acc=GSM8989188&targ=self&form=text&view=full
GSM8989189,1f9b1530be8b942236592a55af560f0704cf8fec933d5259110a6fb3ec0b3809,https://www.ncbi.nlm.nih.gov/geo/query/acc.cgi?acc=GSM8989189&targ=self&form=text&view=full
GSM8989190,e1a479b92abb93c6492cdcd71fe15aeb70fb1542d25ce87d5be10cd400288b43,https://www.ncbi.nlm.nih.gov/geo/query/acc.cgi?acc=GSM8989190&targ=self&form=text&view=full
GSM8989191,f13a753e07306ef8666987651103efaf09827b8c8b05d8c1549fcc99916bab5a,https://www.ncbi.nlm.nih.gov/geo/query/acc.cgi?acc=GSM8989191&targ=self&form=text&view=full
GSM8989192,0c071ccba8266c17bb64d4378e1a4007488b424e8e1990b483dc69882d254c28,https://www.ncbi.nlm.nih.gov/geo/query/acc.cgi?acc=GSM8989192&targ=self&form=text&view=full
GSM8989193,74c5f673e656b6c1a4adc4a23fd070248f3dc1d2d680abb8ec4bbb8449019e4c,https://www.ncbi.nlm.nih.gov/geo/query/acc.cgi?acc=GSM8989193&targ=self&form=text&view=full
GSM8989194,6825d36aa5c03bbdf939ac1356a02cedf5605517ccc2ef5c38bc42b17171935b,https://www.ncbi.nlm.nih.gov/geo/query/acc.cgi?acc=GSM8989194&targ=self&form=text&view=full
GSM8989195,5df356259e799b5dd15ec6d66582048701cfbc90e5aeb80565e148eab8af572e,https://www.ncbi.nlm.nih.gov/geo/query/acc.cgi?acc=GSM8989195&targ=self&form=text&view=full
GSM8989196,29fe804a192722fc7ba60eddf7ec917c98b0898ff96b0c85682abd507bdaae78,https://www.ncbi.nlm.nih.gov/geo/query/acc.cgi?acc=GSM8989196&targ=self&form=text&view=full
GSM8989197,6f3733ffa9c655cefdfe2c4d99f59c6f4588d42679f199ad45966737671b7ae4,https://www.ncbi.nlm.nih.gov/geo/query/acc.cgi?acc=GSM8989197&targ=self&form=text&view=full
GSM8989198,8ff4542a37ee6b13d73fcc146f38f34e78147ec88e0508792f8fea62a5c5e1c4,https://www.ncbi.nlm.nih.gov/geo/query/acc.cgi?acc=GSM8989198&targ=self&form=text&view=full
GSM8989199,d0283217546ed1effed08d256ca8da4382895abc974df76252a07633453c7c5d,https://www.ncbi.nlm.nih.gov/geo/query/acc.cgi?acc=GSM8989199&targ=self&form=text&view=full
GSM8989200,98fb30df295af2604e93b5338f32d66c193d10b95ba186dc5bf7958ae2d59b60,https://www.ncbi.nlm.nih.gov/geo/query/acc.cgi?acc=GSM8989200&targ=self&form=text&view=full
GSM8989201,76f34e7662177c6f063103c5b81b1cbcd3bf5d3d6ac7da85b885564f1c788476,https://www.ncbi.nlm.nih.gov/geo/query/acc.cgi?acc=GSM8989201&targ=self&form=text&view=full
GSM8989202,0d98671be301ab8922cebd07b96d9c64c4a16d934ccdde143e349250089aaea4,https://www.ncbi.nlm.nih.gov/geo/query/acc.cgi?acc=GSM8989202&targ=self&form=text&view=full
GSM8989203,beaeca7ee92686370e6f0efeb9be570895b99ead57ef14a7ca230131bb5dde45,https://www.ncbi.nlm.nih.gov/geo/query/acc.cgi?acc=GSM8989203&targ=self&form=text&view=full
GSM8989204,8e9627c2f9740605f884d7f8d379585d8095c899d5ae2a146a1103a3ce90e80d,https://www.ncbi.nlm.nih.gov/geo/query/acc.cgi?acc=GSM8989204&targ=self&form=text&view=full
GSM8989205,ba0b08cb44706c9dfffb9d6ddf1b51874c92d0db8207b22e7e4f834711ec3b3b,https://www.ncbi.nlm.nih.gov/geo/query/acc.cgi?acc=GSM8989205&targ=self&form=text&view=full
GSM8989206,1ff5b02a9a08e221232b96991131a395ee0e0a1e6790e10da40180a0e36a7910,https://www.ncbi.nlm.nih.gov/geo/query/acc.cgi?acc=GSM8989206&targ=self&form=text&view=full
GSM8989207,2afb33f34611f55b7c9386d7219a71081e70114045fc7d6fc1aed17c37aab560,https://www.ncbi.nlm.nih.gov/geo/query/acc.cgi?acc=GSM8989207&targ=self&form=text&view=full
GSM8989208,c7d105b31522976539cafd86cbf39a80a48c9e8c8b43068073e1e9575173aa08,https://www.ncbi.nlm.nih.gov/geo/query/acc.cgi?acc=GSM8989208&targ=self&form=text&view=full
GSM8989209,863d2146ea4e32d133812b619ce839338a13f801cd48667b825a2450bb0d1f13,https://www.ncbi.nlm.nih.gov/geo/query/acc.cgi?acc=GSM8989209&targ=self&form=text&view=full
GSM8989210,ea016cd6fd64eb59114bf36a90dbd90098ea66b52a090f4fa4620e1bd067b865,https://www.ncbi.nlm.nih.gov/geo/query/acc.cgi?acc=GSM8989210&targ=self&form=text&view=full
GSM8989211,d2d38130ae63a59e978d742afa6becac9d81858712a87ae2ba4c025fda70c266,https://www.ncbi.nlm.nih.gov/geo/query/acc.cgi?acc=GSM8989211&targ=self&form=text&view=full
GSM8989212,80ce62e183ee6d64a56def93c93bc699a78443843c3f69c00a8db3d76fc0d9ee,https://www.ncbi.nlm.nih.gov/geo/query/acc.cgi?acc=GSM8989212&targ=self&form=text&view=full
GSM8989213,0ec83e0f21ce730f3d50f76f1289876e2258fa7f04dac7a3903d3c638ea3982a,https://www.ncbi.nlm.nih.gov/geo/query/acc.cgi?acc=GSM8989213&targ=self&form=text&view=full
GSM8989214,9dd1aa6c7fef653f0edb462f24586ee93a61fb6f6762d84ca81b30a9d70f9638,https://www.ncbi.nlm.nih.gov/geo/query/acc.cgi?acc=GSM8989214&targ=self&form=text&view=full
GSM8989215,bd2abc0513c72eeb34a3cce90d10c99e93e6b0dcaacfb0d1dcca55f7166f7bf6,https://www.ncbi.nlm.nih.gov/geo/query/acc.cgi?acc=GSM8989215&targ=self&form=text&view=full
GSM8989216,c61f488c8d351422bfce248cf1ce4316a571b638101d91415d21129de94bced9,https://www.ncbi.nlm.nih.gov/geo/query/acc.cgi?acc=GSM8989216&targ=self&form=text&view=full
GSM8989217,6de1744cdf74f778b2985e5c43a6b392554c72f9bfecbb9f0c0f663b5b1ef094,https://www.ncbi.nlm.nih.gov/geo/query/acc.cgi?acc=GSM8989217&targ=self&form=text&view=full
GSM8989218,9c00823fb21efab298fc51aa0d05337484cfc15c8530cf38e1b9c3827822a67e,https://www.ncbi.nlm.nih.gov/geo/query/acc.cgi?acc=GSM8989218&targ=self&form=text&view=full
GSM8989219,6841f14060c320ed12214bee87b31d68b7447019df01ac0365e33df4375139d5,https://www.ncbi.nlm.nih.gov/geo/query/acc.cgi?acc=GSM8989219&targ=self&form=text&view=full
GSM8989220,a78a58e90699cb2548cd7fb371ec6bfa19d7d221df5163d72db82e41d7905bd8,https://www.ncbi.nlm.nih.gov/geo/query/acc.cgi?acc=GSM8989220&targ=self&form=text&view=full
GSM8989221,858f6320852bc73511ebe7063c69678ec78dca02894c226ded69983530482581,https://www.ncbi.nlm.nih.gov/geo/query/acc.cgi?acc=GSM8989221&targ=self&form=text&view=full
GSM8989222,b48f631abdf6a06275092ac3d720ef3cddf597c7f8a27671ba82101be828552d,https://www.ncbi.nlm.nih.gov/geo/query/acc.cgi?acc=GSM8989222&targ=self&form=text&view=full
GSM8989223,cc31558b5641c9539abc594f210a9e1d12177985a97dd31d3152c4e43fee924b,https://www.ncbi.nlm.nih.gov/geo/query/acc.cgi?acc=GSM8989223&targ=self&form=text&view=full
GSM8989224,a3e9328a378eaef69b1b946f0e1ded678c37af5a5f496b7126f4aadc9db4cdae,https://www.ncbi.nlm.nih.gov/geo/query/acc.cgi?acc=GSM8989224&targ=self&form=text&view=full
GSM8989225,061ce73147dbfceb8475eb7c832b55b3c3f1c7e73fb86acb07daacfeb9ebbe21,https://www.ncbi.nlm.nih.gov/geo/query/acc.cgi?acc=GSM8989225&targ=self&form=text&view=full
GSM8989226,68bc0cc43af2cf15b81c23bd21b63105a5bbfe3780c82d988bf74a9dd01be906,https://www.ncbi.nlm.nih.gov/geo/query/acc.cgi?acc=GSM8989226&targ=self&form=text&view=full
GSM8989227,f9cbe79c091e31636da9d14e632d78ca94267be4cda9fc63d203757b3d3a1eb4,https://www.ncbi.nlm.nih.gov/geo/query/acc.cgi?acc=GSM8989227&targ=self&form=text&view=full
GSM8989228,990ea9bd4dae8d5cffb470f2bf86b6ca18381fa449789f6de241e751a4f8d02f,https://www.ncbi.nlm.nih.gov/geo/query/acc.cgi?acc=GSM8989228&targ=self&form=text&view=full
GSM8989229,4657d3f375c4cc5b5b5c179b8a4e902fd032e00c603a0274932dcfdc033c85a0,https://www.ncbi.nlm.nih.gov/geo/query/acc.cgi?acc=GSM8989229&targ=self&form=text&view=full
GSM8989230,440f426fe50182c0ff7588554b20225fd8395f8e748ad35cce6f2d6217440091,https://www.ncbi.nlm.nih.gov/geo/query/acc.cgi?acc=GSM8989230&targ=self&form=text&view=full
GSM8989231,8cea82e30d2d61a39ed00a2af7a414bdf02d82421e32b8a073eac2a07b6f2b49,https://www.ncbi.nlm.nih.gov/geo/query/acc.cgi?acc=GSM8989231&targ=self&form=text&view=full
GSM8989232,8bc438d32701e249e69ac91d02e87faafaba80a0fac545874b96c482832e22e7,https://www.ncbi.nlm.nih.gov/geo/query/acc.cgi?acc=GSM8989232&targ=self&form=text&view=full
GSM8989233,0969db4060fe0a6db283027c3935f9a1a518aed0ac28a805aaa95f93cb8af268,https://www.ncbi.nlm.nih.gov/geo/query/acc.cgi?acc=GSM8989233&targ=self&form=text&view=full
GSM8989234,778891fc119a012060788ab6cafe9e1b83e708fb22d186dc29b10306f393d8f4,https://www.ncbi.nlm.nih.gov/geo/query/acc.cgi?acc=GSM8989234&targ=self&form=text&view=full
GSM8989235,2491cc9eb9c0afb03e0a2f54691192cd8cf3bdd395a2031557c11247ff9407e1,https://www.ncbi.nlm.nih.gov/geo/query/acc.cgi?acc=GSM8989235&targ=self&form=text&view=full
GSM8989236,36ce65badd73c9dff07ce240b9ea5d25f2d66bbfd4507f3a3c181baf708965cb,https://www.ncbi.nlm.nih.gov/geo/query/acc.cgi?acc=GSM8989236&targ=self&form=text&view=full
GSM8989237,8fa1ed497aa0da65c3219dc11b6b4a137f0f91202c47c04dcc0d71bd88c17181,https://www.ncbi.nlm.nih.gov/geo/query/acc.cgi?acc=GSM8989237&targ=self&form=text&view=full
GSM8989238,81a98c8a231e37828f0ebe26576fe4a841d171a93401872562ac4df970141661,https://www.ncbi.nlm.nih.gov/geo/query/acc.cgi?acc=GSM8989238&targ=self&form=text&view=full
GSM8989239,25bd1acb3500c44a3dc81834f46585f5d1a063b854f55a54aa6748ff4575386e,https://www.ncbi.nlm.nih.gov/geo/query/acc.cgi?acc=GSM8989239&targ=self&form=text&view=full
GSM8989240,b72c95990f3febcacec7e77231b2cfc20727350c37cee92a4589211154dcd049,https://www.ncbi.nlm.nih.gov/geo/query/acc.cgi?acc=GSM8989240&targ=self&form=text&view=full
GSM8989241,fea0eb470909147e490d4cafac5379fd24f8f67c0bbf4e9fee2e7814ce4b3da6,https://www.ncbi.nlm.nih.gov/geo/query/acc.cgi?acc=GSM8989241&targ=self&form=text&view=full
GSM8989242,0db6dcbf79de07ee6c3127089ce20202b475d0b7e3c760c1c1326363807f972d,https://www.ncbi.nlm.nih.gov/geo/query/acc.cgi?acc=GSM8989242&targ=self&form=text&view=full
GSM8989243,fa163771480f4656374a1320a8ca0d7d3db35daad352c025ad4791881434f4c1,https://www.ncbi.nlm.nih.gov/geo/query/acc.cgi?acc=GSM8989243&targ=self&form=text&view=full
GSM8989244,1e4677cb05f82475eea551527fb804fc1250d92c93c09872f725e626ebf7cdab,https://www.ncbi.nlm.nih.gov/geo/query/acc.cgi?acc=GSM8989244&targ=self&form=text&view=full
GSM8989245,cdbdeba6302c4399572adcbdbdd6be3e2af0503397c334b39604c989b38ae6fd,https://www.ncbi.nlm.nih.gov/geo/query/acc.cgi?acc=GSM8989245&targ=self&form=text&view=full
GSM8989246,a64c87412455cbb4b5ad9ba3b942307f350cec521f88b175df22fb4287d8c775,https://www.ncbi.nlm.nih.gov/geo/query/acc.cgi?acc=GSM8989246&targ=self&form=text&view=full
GSM8989247,e91a3a446df20b9d5df52284712fa384f7f269af1eab8f9756131c032f5cf5c4,https://www.ncbi.nlm.nih.gov/geo/query/acc.cgi?acc=GSM8989247&targ=self&form=text&view=full
GSM8989248,9304f5dee5d6669f2605e609ff10b06609f7148fc680364270720d8c5477d844,https://www.ncbi.nlm.nih.gov/geo/query/acc.cgi?acc=GSM8989248&targ=self&form=text&view=full
GSM8989249,928ad2208f8d4fc8766a3680d237d5e1b4017f35c469f5727670ea2df4efddb2,https://www.ncbi.nlm.nih.gov/geo/query/acc.cgi?acc=GSM8989249&targ=self&form=text&view=full
GSM8989250,fb38db6db275ad41a97df6ecd6d7677e0d1ed54a184214493a1bf0458decdc04,https://www.ncbi.nlm.nih.gov/geo/query/acc.cgi?acc=GSM8989250&targ=self&form=text&view=full
GSM8989251,a87ebdc52a729b969d4b1d2e5659e47d8dcd84284864a53ad21fc3e17bb12aaf,https://www.ncbi.nlm.nih.gov/geo/query/acc.cgi?acc=GSM8989251&targ=self&form=text&view=full
GSM8989252,e2c2c8163a18cf571c236477c7b705b743e5e83a03b3f7990b9d596e60c2df3c,https://www.ncbi.nlm.nih.gov/geo/query/acc.cgi?acc=GSM8989252&targ=self&form=text&view=full
GSM8989253,90940952123aad7ef63b96d2e6c5519d4528da4d909530c301fba4ea585799ae,https://www.ncbi.nlm.nih.gov/geo/query/acc.cgi?acc=GSM8989253&targ=self&form=text&view=full
GSM8989254,9ad113e92173632ad91f729187f216cee571d25432af3642840ff5f336fba5eb,https://www.ncbi.nlm.nih.gov/geo/query/acc.cgi?acc=GSM8989254&targ=self&form=text&view=full
GSM8989255,49f50e484bcbb9edace91bfc7d99094421fe93189dfb417cc10e6208eb10ec88,https://www.ncbi.nlm.nih.gov/geo/query/acc.cgi?acc=GSM8989255&targ=self&form=text&view=full
GSM8989256,1f712209ee86a42569797668e9d4cb634e44f7f87ce1643335d1df3fb7e2aa86,https://www.ncbi.nlm.nih.gov/geo/query/acc.cgi?acc=GSM8989256&targ=self&form=text&view=full
GSM8989257,816748dc344f72ee9fb5c8f69b66a8d83592113efa8f43b76fe601ed8a914840,https://www.ncbi.nlm.nih.gov/geo/query/acc.cgi?acc=GSM8989257&targ=self&form=text&view=full
GSM8989258,e66a220969e1d6152ad9de9fc5e969498cb234c22782a5d30fc44b19aa5e8693,https://www.ncbi.nlm.nih.gov/geo/query/acc.cgi?acc=GSM8989258&targ=self&form=text&view=full
GSM8989259,d418a2ef70be3353fa8f67d755b77a90dbe460c12de05e553f498da6939ace9c,https://www.ncbi.nlm.nih.gov/geo/query/acc.cgi?acc=GSM8989259&targ=self&form=text&view=full
GSM8989260,a94d3f6260cdd9cfbce6b9509c0c7c7ad1ab1fbf70083dd5fcd1f6d077d58993,https://www.ncbi.nlm.nih.gov/geo/query/acc.cgi?acc=GSM8989260&targ=self&form=text&view=full
GSM8989261,1af768199f47a1cb757895e780e1bdc4697759a084aa49c542f6c9f842132556,https://www.ncbi.nlm.nih.gov/geo/query/acc.cgi?acc=GSM8989261&targ=self&form=text&view=full
GSM8989262,89b3a750b8890c407427dc0ff03204c39471a103da1155a5e00c3d72053c43b2,https://www.ncbi.nlm.nih.gov/geo/query/acc.cgi?acc=GSM8989262&targ=self&form=text&view=full
GSM8989263,e514d591765162919ebabc3d215a1c859bc12c237d7616cedeae94fe82ddb2db,https://www.ncbi.nlm.nih.gov/geo/query/acc.cgi?acc=GSM8989263&targ=self&form=text&view=full
GSM8989264,ee1c3f2e4ac6386f04a60f856559f30272450739cf41da030beea67ef52417d6,https://www.ncbi.nlm.nih.gov/geo/query/acc.cgi?acc=GSM8989264&targ=self&form=text&view=full
GSM8989265,746fcc4c12415dd737f3432a278d18968addde1046c7d54caccf5e147ff8919e,https://www.ncbi.nlm.nih.gov/geo/query/acc.cgi?acc=GSM8989265&targ=self&form=text&view=full
GSM8989266,d8e4743c40b5f45c47b3390334adb5ea034d185d465f27b0941abb1c2874130f,https://www.ncbi.nlm.nih.gov/geo/query/acc.cgi?acc=GSM8989266&targ=self&form=text&view=full
GSM8989267,c538309b7a7ddd720d87935dfefa69259fa975e8b73179a19789fd9878b4a67f,https://www.ncbi.nlm.nih.gov/geo/query/acc.cgi?acc=GSM8989267&targ=self&form=text&view=full
GSM8989268,cc81a1583eb6e0c330f8bf58386fa49c01144f534fb8593365598af8f1ecaadc,https://www.ncbi.nlm.nih.gov/geo/query/acc.cgi?acc=GSM8989268&targ=self&form=text&view=full
GSM8989269,e4b28278a52f9ef412ff8bb2c8101ca66f54383cf143040f26e278bb6d648388,https://www.ncbi.nlm.nih.gov/geo/query/acc.cgi?acc=GSM8989269&targ=self&form=text&view=full
GSM8989270,d4e145a175ae535e267a36aac07ee09ac9261d2b714bcb34759b05bd5a530e4d,https://www.ncbi.nlm.nih.gov/geo/query/acc.cgi?acc=GSM8989270&targ=self&form=text&view=full
GSM8989271,6be5116553c1cb7fa1cf559f6cea5b486da04dc97a1eb2984de3d9ea2aff9e7a,https://www.ncbi.nlm.nih.gov/geo/query/acc.cgi?acc=GSM8989271&targ=self&form=text&view=full
GSM8989272,329b0c2d10c1e24cf065094ab44f6487d245dc131460b5b1cc6b649f2cdd7c9f,https://www.ncbi.nlm.nih.gov/geo/query/acc.cgi?acc=GSM8989272&targ=self&form=text&view=full
GSM8989273,0a956ed211e596eec8c68c76357ca1c0a370b33bcd42ae08660c0a6383593dab,https://www.ncbi.nlm.nih.gov/geo/query/acc.cgi?acc=GSM8989273&targ=self&form=text&view=full
GSM8989274,2eee2b9d2c00662f8a2225b81bfc63f8ae38791789c81d8f4c5042e4d1683530,https://www.ncbi.nlm.nih.gov/geo/query/acc.cgi?acc=GSM8989274&targ=self&form=text&view=full
GSM8989275,f16fe8cf038fddb3f81c842d1f9b00c67e297d1b00481366b1d27859fd976ce3,https://www.ncbi.nlm.nih.gov/geo/query/acc.cgi?acc=GSM8989275&targ=self&form=text&view=full
GSM8989276,5c878be8dc76c1c0e80cc36d6430e0c2268fbe35dc28d9d50622d37075fac13c,https://www.ncbi.nlm.nih.gov/geo/query/acc.cgi?acc=GSM8989276&targ=self&form=text&view=full
GSM8989277,2b6ddea2c45bc7fed07dcc234cc26299209c6dfcbdd85d9bd1971ddd59084fd7,https://www.ncbi.nlm.nih.gov/geo/query/acc.cgi?acc=GSM8989277&targ=self&form=text&view=full
GSM8989278,5307453fb1f5d8d24525d09110c598d7df62bc5fa4e7458887ba1cf2813db1e4,https://www.ncbi.nlm.nih.gov/geo/query/acc.cgi?acc=GSM8989278&targ=self&form=text&view=full
GSM8989279,6fd14b42099b9ca9b8dc11a074fdb675f7ed22f46a5e8e1e252e62a54649ee68,https://www.ncbi.nlm.nih.gov/geo/query/acc.cgi?acc=GSM8989279&targ=self&form=text&view=full
GSM8989280,78851e02d6726e7914ad57dc882678d5409a1692a6a6f4a61f06dd687fc7b44c,https://www.ncbi.nlm.nih.gov/geo/query/acc.cgi?acc=GSM8989280&targ=self&form=text&view=full
GSM8989281,e322cd90e083b06ab77e3eedeb1ce7d999c209de9caff3a4a1e78ac78ca2b701,https://www.ncbi.nlm.nih.gov/geo/query/acc.cgi?acc=GSM8989281&targ=self&form=text&view=full
GSM8989282,ddaf470ff6b8f46749a1ed949d394780f1847ebe1e496307e88dbd653064e580,https://www.ncbi.nlm.nih.gov/geo/query/acc.cgi?acc=GSM8989282&targ=self&form=text&view=full
GSM8989283,2377dbeb97c2ae2e844f11699b6ffeedfa54fa711a69716758aed126d5901e4b,https://www.ncbi.nlm.nih.gov/geo/query/acc.cgi?acc=GSM8989283&targ=self&form=text&view=full
GSM8989284,b9e7fca559f8c151c85733ec1b3f14bfb2b2366fb9c75931f0675b04254e741f,https://www.ncbi.nlm.nih.gov/geo/query/acc.cgi?acc=GSM8989284&targ=self&form=text&view=full
GSM8989285,939fd97c1540b1213061b61d29ef75ae2c49e189ac5d6b4c06a36162c232dced,https://www.ncbi.nlm.nih.gov/geo/query/acc.cgi?acc=GSM8989285&targ=self&form=text&view=full
GSM8989286,a80a9186a4fab9bfeedce69a09361094d26cd5ddd2c1fbf39b6905799cc94b44,https://www.ncbi.nlm.nih.gov/geo/query/acc.cgi?acc=GSM8989286&targ=self&form=text&view=full
GSM8989287,732ca47a31b8fc53f97391fb662a2b5f3f33e0d2272ca97d65c7de710b912a37,https://www.ncbi.nlm.nih.gov/geo/query/acc.cgi?acc=GSM8989287&targ=self&form=text&view=full
